fearphoto,IApGaL,IApLaG,IApLaL,IApGaG
0,34,22.44000053,32.79999924,25.70000076
1,20.5,32.36000061,30.89999962,30.20000076
